"locus_tag","baseMean","log2FoldChange","lfcSE","stat","pvalue","padj","gene","product"
"SAOUHSC_00094",8970.38282563604,-4.54055048764504,0.104090136220667,-43.6213329380151,0,0,NA,"hypothetical protein"
"SAOUHSC_00187",82972.3756435127,-3.48213204341961,0.0710331622819426,-49.0212167325234,0,0,NA,"formate acetyltransferase"
"SAOUHSC_00188",15699.6462773985,-3.3406972349054,0.0782799411189605,-42.6762870174954,0,0,NA,"pyruvate formate-lyase 1 activating enzyme"
"SAOUHSC_00356",1391.20140727305,3.73793005044125,0.0940936877770758,39.7256196323929,0,0,NA,"hypothetical protein"
"SAOUHSC_00544",2724.16272571941,-3.39023409124011,0.0797431383181145,-42.5144302412034,0,0,NA,"fibrinogen-binding protein SdrC"
"SAOUHSC_00561",1992.1222774786,-3.87331683368978,0.0915641896506525,-42.3016557943423,0,0,NA,"hypothetical protein"
"SAOUHSC_00634",31296.5088916772,-3.35078380589699,0.0713148985962989,-46.9857473242048,0,0,NA,"ABC transporter substrate-binding protein"
"SAOUHSC_00636",22325.8089215603,-3.03213329074058,0.0649763330480567,-46.66519559511,0,0,NA,"iron (chelated) ABC transporter permease"
"SAOUHSC_00660",11676.9935076651,3.00104809949589,0.0716880164568341,41.8626187167967,0,0,NA,"hypothetical protein"
"SAOUHSC_00898",9912.00460838832,-2.99485874791443,0.05665018230586,-52.865827187367,0,0,NA,"argininosuccinate lyase"
"SAOUHSC_00899",6157.03865604779,-3.11773491324024,0.0801210542187862,-38.9128044262455,0,0,NA,"argininosuccinate synthase"
"SAOUHSC_00923",3607.80658935648,-2.71147414328298,0.0658895717181277,-41.1517949286805,0,0,NA,"hypothetical protein"
"SAOUHSC_00924",8899.71259605379,-3.11763191731481,0.064681388678545,-48.1998296729355,0,0,NA,"hypothetical protein"
"SAOUHSC_00925",7544.70996388647,-3.14644829127853,0.0682005379035672,-46.1352415684386,0,0,NA,"hypothetical protein"
"SAOUHSC_00927",10806.0675311551,-3.16579674236341,0.0672371305831232,-47.084054820716,0,0,NA,"oligopeptide ABC transporter substrate-binding protein"
"SAOUHSC_01991",4300.75744383326,-3.79816622986289,0.072584805941946,-52.3272905475658,0,0,NA,"ABC transporter permease"
"SAOUHSC_02119",5829.06719675363,-3.2102388457801,0.0611442187273213,-52.5027371777613,0,0,NA,"high affinity proline permease"
"SAOUHSC_02333",10656.3643822773,9.39915421368099,0.169231448858151,55.5402336687393,0,0,NA,"transglycosylase SceD"
"SAOUHSC_02990",28525.6707031297,-2.99669739115431,0.0560992952963645,-53.4177368061968,0,0,NA,"hypothetical protein"
"SAOUHSC_01053",5631.73907926036,-2.21216001625155,0.057587554693897,-38.4138557021591,7.90505033345994e-323,9.37736595806686e-321,NA,"manganese transport protein MntH"
"SAOUHSC_00637",14157.6646293249,-2.78260247702033,0.0728377221023477,-38.202766323614,2.53346981874474e-319,2.86161438687442e-317,NA,"hypothetical protein"
"SAOUHSC_01990",2169.50140084357,-3.57231673392005,0.0951909035323207,-37.5279212756618,3.2290424326665e-308,3.4814948410386e-306,NA,"amino acid ABC transporter ATP-binding protein"
"SAOUHSC_00499",3372.82025163575,-2.66618722468546,0.0727292667875994,-36.6590692089867,3.28098856879784e-294,3.3836977761689e-292,NA,"pyridoxal biosynthesis lyase PdxS"
"SAOUHSC_01919",4876.56129698012,-3.31628754711151,0.0938274905837907,-35.344519249931,1.21710647300196e-273,1.2029068974836e-271,NA,"hypothetical protein"
"SAOUHSC_00844",2427.98282245656,-2.39626051883534,0.0683834242474878,-35.0415403323909,5.24605971499097e-269,4.97746145758343e-267,NA,"hypothetical protein"
"SAOUHSC_00545",131461.416791532,-2.16874498678435,0.0626449986391005,-34.6196030632637,1.28119363076922e-262,1.16884280468638e-260,NA,"fibrinogen-binding protein SdrD"
"SAOUHSC_02703",7108.73784331452,-2.3722134882357,0.0700753758156052,-33.8523120372254,3.35574511192231e-251,2.94808422425175e-249,"gpmA","2,3-bisphosphoglycerate-dependent phosphoglycerate mutase"
"SAOUHSC_00926",3054.24827395846,-3.12283008127492,0.0936935265828639,-33.3302651225648,1.40738824610535e-243,1.19225889991496e-241,NA,"oligopeptide ABC transporter ATP-binding protein"
"SAOUHSC_02988",2204.33524237554,-2.16966197162657,0.0679493786824268,-31.930563806431,1.00570601931613e-223,8.22598164764779e-222,NA,"accessory Sec system protein Asp1"
"SAOUHSC_01180",3697.97736500586,-2.32669724952349,0.0750442009314257,-31.0043577071277,4.70864174236191e-211,3.72296607096082e-209,NA,"hypothetical protein"
"SAOUHSC_02520",8928.95130728192,1.9047801830588,0.062568953564985,30.4428965889683,1.48747098882945e-203,1.13815522113015e-201,NA,"sugar transporter"
"SAOUHSC_02426",2525.94615578212,-2.1044657326453,0.0695213370887343,-30.2707890954289,2.77931517790119e-201,2.06016737561926e-199,NA,"hypothetical protein"
"SAOUHSC_00553",3385.55752844245,2.02357481277235,0.0677589382440308,29.8643229249628,5.72139314186538e-196,4.11246804015293e-194,NA,"hypothetical protein"
"SAOUHSC_00846",2260.06631676244,2.28380698864387,0.0785675222355835,29.0680795786828,9.09377470862156e-186,6.34424517907363e-184,NA,"hypothetical protein"
"SAOUHSC_00500",5868.87872416341,-2.75692545082276,0.0982028799831827,-28.0737739187984,2.04815230044154e-173,1.38806207332781e-171,NA,"glutamine amidotransferase subunit PdxT"
"SAOUHSC_00167",2524.80009456051,-1.81792347618395,0.0664833120249118,-27.3440570394983,1.27074583484251e-164,8.37280311179562e-163,NA,"peptide ABC transporter ATP-binding protein"
"SAOUHSC_01819",17864.1843397869,-1.80027290517799,0.0663232553645885,-27.1439164932667,2.98735029197676e-162,1.91513375474834e-160,NA,"hypothetical protein"
"SAOUHSC_02987",2148.91164708411,-2.21909780571395,0.0819402381158186,-27.081905749131,1.60861644059946e-161,1.00411531502682e-159,NA,"accessory Sec system protein Asp2"
"SAOUHSC_00843",1785.01365827516,-2.18387044271052,0.0815448361584209,-26.7812230129179,5.34739689003457e-158,3.25231421106718e-156,NA,"hypothetical protein"
"SAOUHSC_00113",2517.57769876262,-1.8710221741984,0.070367460423336,-26.589309361773,9.02391502128136e-156,5.35118160761984e-154,NA,"bifunctional acetaldehyde-CoA/alcohol dehydrogenase"
"SAOUHSC_02923",3613.32156652668,-2.04500443084075,0.0774922190856289,-26.3898034534411,1.79401517797032e-153,1.03790341515747e-151,NA,"hypothetical protein"
"SAOUHSC_01018",4233.40037713265,-1.67093872100677,0.0657963058436139,-25.3956312528897,2.81827995360226e-142,1.5916571547487e-140,NA,"phosphoribosylamine--glycine ligase"
"SAOUHSC_02013",4258.60127331262,1.66553280113879,0.0661499182888528,25.1781535672653,6.95085849659371e-140,3.83428752416751e-138,NA,"hypothetical protein"
"SAOUHSC_00975",721.719826479614,2.98005665461309,0.119646284681689,24.9072226734105,6.21355011905076e-137,3.349668382361e-135,NA,"hypothetical protein"
"SAOUHSC_01884",1236.0596465438,-3.06894137881791,0.123287590831334,-24.8925407506456,8.96114762490245e-137,4.72352048139302e-135,NA,"hypothetical protein"
"SAOUHSC_00893",2148.26949501521,2.02854654916193,0.0819041619295223,24.7673195277607,2.01776259286553e-135,1.04046366745153e-133,NA,"FMN oxidoreductase"
"SAOUHSC_02937",9933.53672599439,2.93514242933269,0.118676099137474,24.7323804090715,4.7976889545755e-135,2.4213017447347e-133,NA,"choline transporter"
"SAOUHSC_02589",2974.55579367211,-1.59336260248469,0.0645632580744891,-24.6790922578035,1.79359531400564e-134,8.86335017671122e-133,NA,"hypothetical protein"
"SAOUHSC_02681",42059.9661251205,-1.71569557875383,0.0698859055769426,-24.5499513040565,4.33018062451444e-133,2.0961609063976e-131,NA,"nitrate reductase subunit alpha"
"SAOUHSC_00554",4296.31010476688,2.01211845057451,0.0822434174421602,24.4654042007628,3.45048829817423e-132,1.63691164865386e-130,NA,"6-phospho 3-hexuloisomerase"
"SAOUHSC_00437",2176.91576610952,-2.53293415511392,0.104495520934561,-24.2396433116031,8.50311512855305e-130,3.95478217351526e-128,NA,"hypothetical protein"
"SAOUHSC_01918",651.65943614696,-3.22766123978102,0.134788182006377,-23.9461738539386,1.01284611281407e-126,4.62013649922112e-125,NA,"hypothetical protein"
"SAOUHSC_00019",1662.53555636754,1.86659006105621,0.0787949555021644,23.6892076296044,4.65847180155046e-124,2.08488587042975e-122,NA,"adenylosuccinate synthetase"
"SAOUHSC_02576",1805.89134637276,1.95280186910608,0.0837804187383807,23.3085713644384,3.62921682065063e-120,1.59416709233024e-118,NA,"secretory antigen SsaA"
"SAOUHSC_00144",6860.55662279924,-1.39085489207738,0.0600137960802547,-23.1755859972169,8.02842944814545e-119,3.46244266381837e-117,NA,"hypothetical protein"
"SAOUHSC_02848",4944.54646486071,-2.24828829009487,0.0980659162545945,-22.9262966784296,2.54050173507568e-116,1.0760839492142e-114,NA,"PTS system glucose-specific transporter subunit IIABC"
"SAOUHSC_02986",915.857182477692,-2.14760049627217,0.0942084780836269,-22.7962550712876,4.9946148528549e-115,2.07846077736348e-113,NA,"accessory Sec system protein Asp3"
"SAOUHSC_00170",575.813417248045,-2.56276021172896,0.112598793054376,-22.7601037472166,1.13975986914212e-114,4.66122484414676e-113,NA,"RGD-containing lipoprotein"
"SAOUHSC_01602",809.961001653889,-2.58777059427042,0.115223104748008,-22.4587820292627,1.05027737633482e-111,4.22247107909525e-110,NA,"maltose operon transcriptional repressor"
"SAOUHSC_00894",1993.92126992612,-1.68308951527372,0.0750853391492745,-22.4156877273689,2.76733392785465e-111,1.0940193461452e-109,"rocD","ornithine--oxo-acid transaminase"
"SAOUHSC_00151",7728.16797449631,-1.24310920545519,0.0555393278160187,-22.3825036120918,5.82788522683987e-111,2.26618750132199e-109,NA,"branched-chain amino acid transport system II carrier protein"
"SAOUHSC_02744",1464.44684961423,-1.68724526939579,0.0762871790932017,-22.1170226694901,2.16770992305431e-108,8.29323860884651e-107,NA,"amino acid ABC transporter ATP-binding protein"
"SAOUHSC_00796",83047.9648550839,-1.1196012426486,0.0508410475593349,-22.0216005844875,1.78834764324227e-107,6.73327080915979e-106,"pgk","phosphoglycerate kinase"
"SAOUHSC_00842",1292.36630058926,-1.87549817605341,0.0853016798357144,-21.9866499659268,3.86488431871684e-107,1.43242275062443e-105,NA,"ABC transporter ATP-binding protein"
"SAOUHSC_00223",2249.60264110785,1.46848369147216,0.0670388702560301,21.9049588076862,2.32991537163569e-106,8.5023988638767e-105,NA,"teichoic acid biosynthesis protein F"
"SAOUHSC_02671",19222.4640434683,-2.04123851991913,0.0933322779128371,-21.8706600285214,4.94371780194991e-106,1.77674221609473e-104,NA,"hypothetical protein"
"SAOUHSC_00767",2748.62412319576,-1.99316109971332,0.0919781118393065,-21.669950163747,3.9418235305464e-104,1.39552319618747e-102,NA,"hypothetical protein"
"SAOUHSC_00248",1546.39882990448,2.29585820809475,0.108081532965271,21.2419101127337,3.91636971911662e-100,1.36612190790362e-98,NA,"peptidoglycan hydrolase"
"SAOUHSC_00257",22687.8594986651,-1.797124165856,0.0846605580482131,-21.227407511684,5.33240784808177e-100,1.83311179936956e-98,NA,"hypothetical protein"
"SAOUHSC_00427",4383.97475601438,-1.29941665391942,0.0615987540899363,-21.094852860534,8.8680988591395e-99,3.0050186419827e-97,NA,"autolysin"
"SAOUHSC_02823",3998.03633401089,1.32410461145572,0.0632359049708593,20.9391264672483,2.35741730398019e-97,7.875765978931e-96,NA,"hypothetical protein"
"SAOUHSC_02571",3963.92127207108,1.54728341293118,0.0740336403251476,20.8997343118032,5.38438255434543e-97,1.77385491929269e-95,NA,"secretory antigen"
"SAOUHSC_00619",990.498679078619,1.84611799508317,0.0884611369230729,20.8692546726884,1.01910238807001e-96,3.31138474589323e-95,NA,"hypothetical protein"
"SAOUHSC_01017",4290.14658815329,-1.82628510920648,0.0878824450629534,-20.7810002088386,6.43049329292936e-96,2.0612337960579e-94,"purH","bifunctional phosphoribosylaminoimidazolecarboxamide formyltransferase/IMP cyclohydrolase"
"SAOUHSC_02680",6337.43817195351,-2.25250142675319,0.108861173404506,-20.6915042003391,4.13122529681873e-95,1.30656885387387e-93,NA,"nitrate reductase subunit beta"
"SAOUHSC_02684",33601.8726132334,-1.21937054158478,0.0597734150338857,-20.399880798069,1.67623662193537e-92,5.23162272004039e-91,NA,"assimilatory nitrite reductase [NAD(P)H] large subunit"
"SAOUHSC_02373",3218.51182190092,-1.2417310727046,0.0609767597559379,-20.3640055272645,3.48863548572013e-92,1.07468095741924e-90,NA,"hypothetical protein"
"SAOUHSC_00556",8830.0774680592,1.26137082680479,0.0622419521688099,20.2656051562098,2.58759937266915e-91,7.86895604098874e-90,NA,"proline/betaine transporter"
"SAOUHSC_02872",257.050405673841,-3.7732374444755,0.187883710288483,-20.0828344228562,1.04272034998623e-89,3.1308008483131e-88,NA,"hypothetical protein"
"SAOUHSC_00222",2943.13251705644,-1.26520100651801,0.0638085529071266,-19.8280786646191,1.7042640219868e-87,5.05314282519086e-86,NA,"teichoic acid biosynthesis protein TagB"
"SAOUHSC_00233",15067.9368543589,-2.07390729707472,0.105871090122636,-19.5889859514284,1.91975876713377e-85,5.62181209338433e-84,NA,"antiholin-like protein LrgB"
"SAOUHSC_01396",8078.57052271882,-1.09991501585828,0.0563805651133001,-19.5087618162028,9.24953810018572e-85,2.67559809434641e-83,NA,"4-hydroxy-tetrahydrodipicolinate synthase"
"SAOUHSC_00880",1740.30546599346,1.43484679282205,0.0737102041241605,19.4660537149664,2.1306751218607e-84,6.08911010729347e-83,NA,"hypothetical protein"
"SAOUHSC_02232",1412.62695834439,-1.51059749190898,0.0783030374911138,-19.2916844647363,6.30840795630767e-83,1.78137424670974e-81,NA,"phi PVL orf 33-like protein"
"SAOUHSC_02547",5310.60338958141,-1.15837338020005,0.0601619264056721,-19.2542601177551,1.30018704792889e-82,3.62828667963214e-81,NA,"molybdenum ABC transporter permease"
"SAOUHSC_02521",609.904691264453,1.9565146700152,0.101874859816389,19.2050784024779,3.35616919409497e-82,9.25678293999216e-81,NA,"hypothetical protein"
"SAOUHSC_01847",286.007911957684,-3.12585234320088,0.163106720026669,-19.1644608063346,7.33124429466401e-82,1.99881740999345e-80,NA,"hypothetical protein"
"SAOUHSC_02887",27317.428773502,1.80792820598625,0.0943760216140466,19.1566477911076,8.51860445943558e-82,2.2961511111115e-80,NA,"immunodominant antigen A"
"SAOUHSC_02468",12780.5476666118,-1.24529776871123,0.0651147299885637,-19.124670699394,1.57364045127205e-81,4.1940170229408e-80,NA,"acetolactate synthase"
"SAOUHSC_00086",5481.70507511321,-1.63264275627984,0.0871343550334178,-18.737072830271,2.46838562748728e-78,6.50556745377759e-77,NA,"acetoin reductase"
"SAOUHSC_00951",2927.01472109556,-1.36521364603323,0.073621025682083,-18.543800950677,9.1518971513292e-77,2.38552747724757e-75,NA,"hypothetical protein"
"SAOUHSC_00025",1784.24992236307,-1.34884736880426,0.072758192037413,-18.5387697389549,1.00494320913038e-76,2.59100575223614e-75,NA,"hypothetical protein"
"SAOUHSC_02989",1335.08500220682,-2.19764566106626,0.119263543798022,-18.4268016116314,8.00796730166315e-76,2.04246219780054e-74,"secY","accessory Sec system protein translocase subunit SecY2"
"SAOUHSC_00949",1055.69892007755,-1.66134377408888,0.0910657047119051,-18.2433527456323,2.33675370739566e-74,5.89657424887502e-73,NA,"hypothetical protein"
"SAOUHSC_00175",249.637886791743,-3.55301720328751,0.197206933567164,-18.0166951486898,1.44098533185675e-72,3.59791284964655e-71,NA,"multiple sugar-binding transport ATP-binding protein"
"SAOUHSC_00317",1702.22866194653,-1.71125879749361,0.0951436062212736,-17.9860619694588,2.50542395230762e-72,6.19048501549342e-71,NA,"glycerol-3-phosphate transporter"
"SAOUHSC_01081",588.263687061982,-1.80386218956462,0.100737756830211,-17.9065153555578,1.04900778138466e-71,2.51338026004487e-70,NA,"hypothetical protein"
"SAOUHSC_01833",2163.30566028237,-1.22844084007339,0.068602529510718,-17.9066405981643,1.04665056725662e-71,2.51338026004487e-70,NA,"D-3-phosphoglycerate dehydrogenase"
"SAOUHSC_00169",325.793414780367,-2.74207326302036,0.15363688234694,-17.8477538800107,3.00897132066839e-71,7.13727997262541e-70,NA,"peptide ABC transporter permease"
"SAOUHSC_00168",270.221291638356,-2.63994232198029,0.14839879254196,-17.7895134910471,8.52165579698984e-71,2.00132351984751e-69,NA,"hypothetical protein"
"SAOUHSC_02546",3445.61902701526,-1.18124617848742,0.0665891495421397,-17.7393191925343,2.08445183693725e-70,4.84737231099526e-69,NA,"molybdenum transport ATP-binding protein ModC"
"SAOUHSC_00895",7348.79137667873,-1.2342742625698,0.0702406034895758,-17.5720908029068,4.03040884071917e-69,9.28167938852997e-68,NA,"glutamate dehydrogenase"
"SAOUHSC_01395",5608.51344890039,-1.04223526935809,0.0596137698957735,-17.4831296725621,1.92630127339444e-68,4.39344867354963e-67,NA,"aspartate semialdehyde dehydrogenase"
"SAOUHSC_00698",1342.39912767442,-1.33330768629823,0.0765755834031627,-17.4116556093148,6.73089310732693e-68,1.50619608024335e-66,NA,"hypothetical protein"
"SAOUHSC_00808",1788.11380122641,-1.50252576655613,0.0863910705268927,-17.3921420048662,9.4630588169914e-68,2.09779210410314e-66,NA,"hypothetical protein"
"SAOUHSC_00608",100055.132381842,-1.27821079658422,0.0741144930466646,-17.2464351308377,1.19020163410136e-66,2.61403544082262e-65,NA,"alcohol dehydrogenase"
"SAOUHSC_01278",4779.15784090562,1.13050722677962,0.0660648511231393,17.1120831661673,1.20607750922213e-65,2.62460169896779e-64,NA,"aerobic glycerol-3-phosphate dehydrogenase"
"SAOUHSC_00703",890.703590094711,1.47861092901061,0.0866916395146253,17.0559806838255,3.15532579776125e-65,6.80402981117245e-64,NA,"quinolone resistance protein NorA"
"SAOUHSC_01170",2016.42681452619,-1.30153827132742,0.0763820595129411,-17.0398425968981,4.15849263382152e-65,8.88643651119337e-64,"carB","carbamoyl phosphate synthase large subunit"
"SAOUHSC_01849",559.312514896443,-2.28997265993244,0.134680932826638,-17.0029462364958,7.80943875896223e-65,1.65392756573736e-63,NA,"acetoin utilization protein AcuC"
"SAOUHSC_02733",5023.9972608196,-1.26942602847288,0.074692797273883,-16.9952937204662,8.89835337642522e-65,1.86786674414873e-63,NA,"hypothetical protein"
"SAOUHSC_00232",3099.75982489989,-1.53842542996379,0.0908754034595517,-16.9289529553344,2.75232437861232e-64,5.72676616321792e-63,NA,"murein hydrolase regulator LrgA"
"SAOUHSC_02853",12127.1407446454,-1.32650769018933,0.07856528186486,-16.8841460082973,5.88618862378323e-64,1.21409038396642e-62,NA,"hypothetical protein"
"SAOUHSC_02820",377.09563556781,2.06122249777139,0.122877457406351,16.7746187240432,3.74253468007712e-63,7.58742928302814e-62,NA,"hypothetical protein"
"SAOUHSC_01014",1820.95642285522,-1.41406275240572,0.0846655303749008,-16.7017527220844,1.27270611757798e-62,2.53685622764284e-61,NA,"amidophosphoribosyltransferase"
"SAOUHSC_00171",523.705708204248,-1.77046028739257,0.106068505731334,-16.6916680421336,1.50700788196845e-62,2.97885224669098e-61,NA,"gamma-glutamyltranspeptidase"
"SAOUHSC_02773",2990.50501201824,-1.06294957584889,0.0637516462608123,-16.6732882708674,2.05000092586827e-62,4.0186795009583e-61,NA,"transporter"
"SAOUHSC_01707",350.014622052925,-2.24296330489027,0.13473089046153,-16.6477286478761,3.14306941877496e-62,6.11095136174935e-61,NA,"hypothetical protein"
"SAOUHSC_02809",602.717011192485,-2.42879030422659,0.146620986714781,-16.5650931605806,1.24587025651426e-61,2.40260508004214e-60,NA,"gluconate operon transcriptional repressor"
"SAOUHSC_00295",310.280439093381,-2.72124923062457,0.164334669938069,-16.5591912628668,1.37428851398453e-61,2.62888093158976e-60,NA,"N-acetylneuraminate lyase"
"SAOUHSC_02590",4682.32959568503,-1.20457477640952,0.0731386977621549,-16.4697323478026,6.05376256659379e-61,1.14876198463684e-59,NA,"hypothetical protein"
"SAOUHSC_01321",1368.31831603535,-1.27385578195974,0.0776239468807868,-16.4106030825268,1.60602219960164e-60,3.02340052178975e-59,NA,"threonine synthase"
"SAOUHSC_02968",1721.27618167995,-1.29465458753186,0.0789114429695485,-16.4064239457827,1.7204513953327e-60,3.21331551947178e-59,NA,"ornithine carbamoyltransferase"
"SAOUHSC_00812",4578.51126355251,-1.21356442445029,0.0740002790022191,-16.3994574184497,1.92953654568005e-60,3.57567241121334e-59,NA,"clumping factor"
"SAOUHSC_02525",7428.42087262192,-1.07047223736513,0.065694851492117,-16.2946138556014,1.07782240534953e-59,1.95159904235808e-58,NA,"hypothetical protein"
"SAOUHSC_02678",494.677958157126,-1.93959606280319,0.119396087715898,-16.2450554277662,2.42122493277875e-59,4.35086783375091e-58,NA,"respiratory nitrate reductase subunit gamma"
"SAOUHSC_01264",377.667657245856,2.21977587886284,0.136918374289843,16.2124031224895,4.12133036560636e-59,7.35022227610397e-58,NA,"hypothetical protein"
"SAOUHSC_00564",1586.06966945172,1.20672571150888,0.0753331714459589,16.0185173190876,9.48859110943612e-58,1.67962224713302e-56,NA,"uracil-DNA glycosylase"
"SAOUHSC_02376",1277.68926355692,-1.2284513479978,0.0769498766259466,-15.9643056215581,2.26548905597003e-57,3.98054817834142e-56,NA,"hypothetical protein"
"SAOUHSC_01013",2197.62177821938,-1.15332604324322,0.0725071362032659,-15.9063797528838,5.72284580723884e-57,9.98131636380185e-56,NA,"phosphoribosylformylglycinamidine synthase II"
"SAOUHSC_01835",2065.31384755797,-1.19683496224827,0.0754562261421195,-15.8613148767084,1.17409755636578e-56,2.03281708299242e-55,NA,"hypothetical protein"
"SAOUHSC_00221",2101.72707503814,-1.15160644833681,0.0727066404334101,-15.8390821178367,1.67244258967372e-56,2.87466219036672e-55,NA,"alcohol dehydrogenase"
"SAOUHSC_01794",1131.35253080717,-1.67570826556223,0.105986457628995,-15.8105884756337,2.62998684807795e-56,4.4880063335546e-55,NA,"glyceraldehyde 3-phosphate dehydrogenase 2"
"SAOUHSC_02430",1591.17922443794,1.48230678410052,0.0938942212974192,15.7869862875285,3.82419116135024e-56,6.47927245337341e-55,NA,"ABC transporter substrate-binding protein"
"SAOUHSC_01055",2210.938170624,-1.09494453695669,0.0696651412001195,-15.7172513841803,1.15214614345182e-55,1.93822032075725e-54,NA,"inositol monophosphatase family protein"
"SAOUHSC_03024",507.673421454104,1.64518412928914,0.104723169243132,15.7098390086875,1.2950756174332e-55,2.16332349616306e-54,NA,"hypothetical protein"
"SAOUHSC_02652",4842.36524379848,1.22530609580014,0.0782027140995206,15.6683321021418,2.49028961237292e-55,4.13074612625774e-54,NA,"hypothetical protein"
"SAOUHSC_00367",15535.0630476496,-1.16871393586941,0.0746327338547755,-15.6595353741638,2.85978795987869e-55,4.71070627835573e-54,NA,"hypothetical protein"
"SAOUHSC_01418",11990.6383973487,-1.12125870743207,0.0717056532222057,-15.6369638521728,4.07708868471798e-55,6.63294806044498e-54,"sucA","2-oxoglutarate dehydrogenase E1 component"
"SAOUHSC_02742",1300.49533006266,-1.36329061242813,0.0871843299097947,-15.6368766478869,4.08267460718789e-55,6.63294806044498e-54,NA,"amino acid transporter"
"SAOUHSC_00200",861.591914264871,-1.49025296948329,0.0953298231101505,-15.6325997559164,4.36619428991337e-55,7.04531486780579e-54,NA,"hypothetical protein"
"SAOUHSC_02679",717.955686614317,-2.0862312633324,0.135002017892226,-15.4533339271851,7.16400813036561e-54,1.14817751927211e-52,NA,"respiratory nitrate reductase subunit delta"
"SAOUHSC_01709",280.455720331469,-2.19352941655108,0.142123512715645,-15.4339656728004,9.67388492230278e-54,1.54003053930887e-52,NA,"acetyl-CoA carboxylase biotin carboxylase"
"SAOUHSC_01007",2689.89964832314,-1.0280841082359,0.0667396005599391,-15.4044090706323,1.52880249932536e-53,2.4175463522665e-52,NA,"bifunctional 5,10-methylene-tetrahydrofolate dehydrogenase/ 5,10-methylene-tetrahydrofolate cyclohydrolase"
"SAOUHSC_00146",15853.1479295681,-1.19232774679314,0.0777605195348785,-15.333330511743,4.57894378446034e-53,7.19288387863571e-52,NA,"hypothetical protein"
"SAOUHSC_00199",464.636314426021,-1.91705098065783,0.125029163840752,-15.3328305314395,4.61433116587057e-53,7.20078521410855e-52,NA,"acyl CoA:acetate/3-ketoacid CoA transferase"
"SAOUHSC_01016",1008.71611963401,-1.67503599162923,0.109705929601132,-15.2684180127667,1.24148490599444e-52,1.91220921884338e-51,NA,"phosphoribosylglycinamide formyltransferase"
"SAOUHSC_01105",6042.51729960507,-1.03849020970725,0.0682090880881538,-15.2251003321596,2.40988634728997e-52,3.68790349404633e-51,"sdhB","succinate dehydrogenase iron-sulfur subunit"
"SAOUHSC_00712",2041.27678203415,1.11315831144785,0.0731548920769213,15.2164575716602,2.75025094898268e-52,4.18179182755571e-51,NA,"hypothetical protein"
"SAOUHSC_02377",1884.98098038683,-1.4827119451658,0.0975694682304188,-15.1964745945345,3.73170639861494e-52,5.63796660988194e-51,NA,"pyrimidine-nucleoside phosphorylase"
"SAOUHSC_01910",1144.34452094142,-1.8957259657318,0.124786228475642,-15.1917882997949,4.00833362024203e-52,6.01757427038867e-51,NA,"phosphoenolpyruvate carboxykinase"
"SAOUHSC_01322",1416.11585158348,-1.31443003185372,0.0868526157715848,-15.1340292998263,9.65954788075159e-52,1.44103443856244e-50,NA,"homoserine kinase"
"SAOUHSC_03006",1908.76116768559,-3.31066029670539,0.221491265245365,-14.9471370486682,1.6259034289621e-50,2.41040183343632e-49,NA,"lipase"
"SAOUHSC_00234",849.224513242267,-1.46566832640255,0.0982425927243863,-14.9188685452794,2.48450556191306e-50,3.66040198314147e-49,NA,"hypothetical protein"
"SAOUHSC_02226",1061.22414949348,-1.25823200535401,0.0852569287397254,-14.7581202367162,2.72778113711526e-49,3.9940104057021e-48,NA,"hypothetical protein"
"SAOUHSC_02741",992.56851563797,-1.26028509138452,0.0855053921967728,-14.7392469528032,3.60785263077184e-49,5.25020027005571e-48,NA,"amino acid ABC transporter permease"
"SAOUHSC_02821",578.563561294635,1.6366540054192,0.111794813091296,14.6398026899749,1.56521791157873e-48,2.25011932500894e-47,NA,"membrane spanning protein"
"SAOUHSC_01398",4534.20168997854,-1.00303279936321,0.0688269363717078,-14.5732594277655,4.15580133278961e-48,5.9027309948365e-47,NA,"2,3,4,5-tetrahydropyridine-2,6-dicarboxylate N-acetyltransferase"
"SAOUHSC_02363",3645.94007832183,1.27276632821003,0.0874157941519168,14.5599126629009,5.0522307970951e-48,7.13326872066046e-47,NA,"aldehyde dehydrogenase"
"SAOUHSC_02900",1188.71990579868,1.140868573797,0.0784831099904428,14.5364852888211,7.11532882605661e-48,9.98672187893863e-47,NA,"hypothetical protein"
"SAOUHSC_01399",4139.25824687484,-1.02686363201478,0.0706439861556743,-14.5357543917742,7.19168623899447e-48,1.00345175052323e-46,NA,"hypothetical protein"
"SAOUHSC_00421",2735.47323333428,1.05538908048839,0.0727477243237344,14.5075202049181,1.08575268456157e-47,1.50608501039768e-46,NA,"hypothetical protein"
"SAOUHSC_01400",4117.7423338489,-1.10894086261605,0.0769014197592385,-14.4202911479125,3.857120115676e-47,5.25809707723188e-46,NA,"alanine racemase"
"SAOUHSC_02677",482.495078557121,-1.78543015304382,0.124059413591037,-14.3917345839592,5.83147901012304e-47,7.90415326400677e-46,NA,"hypothetical protein"
"SAOUHSC_02403",728.636438304854,1.32346780265966,0.0924986696647252,14.3079658059598,1.95138081703489e-46,2.61507078983433e-45,NA,"mannitol-1-phosphate 5-dehydrogenase"
"SAOUHSC_01131",488.254478280526,-1.50616252476043,0.106246636800897,-14.1760960168831,1.28816134521569e-45,1.70699369321319e-44,NA,"hypothetical protein"
"SAOUHSC_01397",4982.57901716196,-1.14847244002336,0.0810181446738464,-14.1754966698726,1.29920686954864e-45,1.71206594142743e-44,NA,"4-hydroxy-tetrahydrodipicolinate reductase"
"SAOUHSC_01077",9487.2362976364,1.11100619339456,0.0784070474564999,14.1697236337199,1.41054527260658e-45,1.84851568321702e-44,NA,"hypothetical protein"
"SAOUHSC_02975",1155.55998917199,-1.67055561159654,0.118038181070674,-14.1526715884949,1.79794824082236e-45,2.34326001496189e-44,NA,"PTS system fructose-specific transporter subunit IIABC"
"SAOUHSC_02967",2194.11254204869,-1.22400604247017,0.0867374900729209,-14.1116147290074,3.22116916027836e-45,4.17519849627337e-44,NA,"arginine/ornithine antiporter"
"SAOUHSC_01711",212.383962551661,-2.25530670215543,0.160822980920343,-14.0235350025784,1.11899046794426e-44,1.44252466845858e-43,NA,"hypothetical protein"
"SAOUHSC_02574",1924.76231835742,1.53691941186572,0.109837305596491,13.9926904025841,1.72751086025122e-44,2.20304073146015e-43,NA,"hypothetical protein"
"SAOUHSC_01133",1171.81480449728,-1.12330915433893,0.0807929400476667,-13.9035558512439,6.02711012809843e-44,7.64508300740614e-43,NA,"hypothetical protein"
"SAOUHSC_00797",65156.5535213006,-1.00091544337605,0.0720561197201001,-13.8907763457716,7.20501166265085e-44,9.09057854457862e-43,"tpiA","triosephosphate isomerase"
"SAOUHSC_01128",131.890481176277,-3.05750843655712,0.222745411272625,-13.7264710374434,7.04838951923659e-43,8.75328792650743e-42,NA,"ornithine carbamoyltransferase"
"SAOUHSC_02597",1570.65221077082,-1.12015165636402,0.081795688675962,-13.6945073083443,1.09500572119636e-42,1.35278831806134e-41,NA,"PTS system transporter"
"SAOUHSC_02425",584.529245930597,-1.83622438480469,0.134317205802542,-13.6708054179157,1.51706665553615e-42,1.86449850100091e-41,NA,"hypothetical protein"
"SAOUHSC_00831",257.888585678592,2.07340240148867,0.152913752586279,13.5592931729198,6.98054982921698e-42,8.44788989535851e-41,NA,"hypothetical protein"
"SAOUHSC_02669",2253.66010291081,-1.04468180555012,0.077056683527899,-13.5573159617217,7.17124731525225e-42,8.63461859481134e-41,NA,"hypothetical protein"
"SAOUHSC_02932",24368.632427402,2.78266920145133,0.206419735256207,13.4806354537636,2.03347891109675e-41,2.39970745130423e-40,NA,"choline dehydrogenase"
"SAOUHSC_00426",396.617949780231,-1.64316573306847,0.121970875054596,-13.4717876897494,2.29247477819138e-41,2.69195553161878e-40,NA,"ABC transporter substrate-binding protein"
"SAOUHSC_00910",1929.16121715571,1.13102686916303,0.0843956185047587,13.4014880061487,5.92629274856327e-41,6.8907678429373e-40,NA,"hypothetical protein"
"SAOUHSC_00185",1343.79196264645,-1.01467884544895,0.0761158580192868,-13.3307154626286,1.53419226253109e-40,1.7751727057189e-39,NA,"hypothetical protein"
"SAOUHSC_02933",27533.70420332,2.93267943945536,0.222713639508522,13.1679381915141,1.34212999716227e-39,1.52322122165976e-38,NA,"betaine aldehyde dehydrogenase"
"SAOUHSC_02467",2288.81455665884,-1.42695961738399,0.110303047197099,-12.9367198245591,2.7930216806967e-38,3.08141740772677e-37,NA,"alpha-acetolactate decarboxylase"
"SAOUHSC_01832",1076.4848581169,-1.04651478669037,0.0811854287806922,-12.8904263044215,5.09613251393829e-38,5.57051904288554e-37,NA,"hypothetical protein"
"SAOUHSC_01601",781.124694952212,-1.44578756404896,0.11295436646576,-12.7997492198518,1.64481540189193e-37,1.78967987765489e-36,NA,"alpha-D-1,4-glucosidase"
"SAOUHSC_00733",1206.50602802165,-1.00275555483484,0.0784850009145182,-12.776397313507,2.22122409981472e-37,2.39488343852751e-36,NA,"histidinol-phosphate aminotransferase"
"SAOUHSC_00535",2741.29310720514,-1.37906426036207,0.108131399035757,-12.7535967596798,2.97686978476888e-37,3.19508376899176e-36,NA,"hypothetical protein"
"SAOUHSC_00163",1184.77333598328,-1.00965728946286,0.0794457389042847,-12.7087657989975,5.2862156615933e-37,5.64815475193663e-36,NA,"hypothetical protein"
"SAOUHSC_00991",447.219512172731,1.60804161379817,0.127007916890285,12.6609557354387,9.73074272663374e-37,1.03503684966705e-35,NA,"hypothetical protein"
"SAOUHSC_00132",618.582660945206,-2.21721529322755,0.175299091012732,-12.6481847704876,1.14489528345614e-36,1.21236232694552e-35,NA,"aldehyde dehydrogenase"
"SAOUHSC_02743",390.165037228408,-1.56944123329283,0.124500042587776,-12.6059493689436,1.95800590612751e-36,2.06417333748198e-35,NA,"amino acid ABC transporter permease"
"SAOUHSC_02943",374.804368616091,1.53673226989201,0.122123341154313,12.5834443716228,2.60422517384711e-36,2.72124322130632e-35,NA,"citrate transporter"
"SAOUHSC_01169",632.693118352128,-1.19233770759834,0.0952148688072116,-12.5225999104462,5.61647596095685e-36,5.84310569271476e-35,NA,"carbamoyl phosphate synthase small subunit"
"SAOUHSC_00107",585.800886931662,-1.2398197526567,0.0993235644400687,-12.4826345051763,9.28623776786499e-36,9.61875807221649e-35,NA,"hypothetical protein"
"SAOUHSC_01702",951.036422941085,1.05238076081062,0.0843756209107029,12.4725690839583,1.05373116254417e-35,1.08201312448259e-34,NA,"5'-methylthioadenosine/S-adenosylhomocysteine nucleosidase"
"SAOUHSC_01504",404.825405344055,1.44111357342951,0.115549038967368,12.4718784882019,1.06290454656265e-35,1.08672826915802e-34,NA,"ferredoxin"
"SAOUHSC_02424",1950.40279881149,-1.11259228610689,0.0893188048746343,-12.4564170744167,1.29038888980331e-35,1.31364911871822e-34,NA,"hypothetical protein"
"SAOUHSC_00093",302.343298807117,2.02646973335925,0.163915414734789,12.3628991003562,4.14918040202418e-35,4.11793134460308e-34,NA,"superoxide dismutase"
"SAOUHSC_02387",357.450646895778,1.48785615362472,0.120798343060919,12.316858956206,7.35017535086869e-35,7.23428046981765e-34,NA,"hypothetical protein"
"SAOUHSC_02808",665.050457303396,-1.92128915001695,0.157347718971862,-12.2104671270165,2.73315422005224e-34,2.65698434834586e-33,NA,"gluconate kinase"
"SAOUHSC_00183",371.439961861719,-1.78319064787707,0.146110920113722,-12.2043625930845,2.9460653000099e-34,2.84903912134528e-33,"uhpT","sugar phosphate antiporter"
"SAOUHSC_01039",1546.22698144329,1.02959242555497,0.084364308383657,12.2041233464841,2.95473703141205e-34,2.84903912134528e-33,NA,"hypothetical protein"
"SAOUHSC_00176",191.745708788482,-2.98777286215443,0.246140917828586,-12.1384647807121,6.60537317356811e-34,6.31771982568691e-33,NA,"extracellular solute-binding protein"
"SAOUHSC_01846",369.210503508723,-1.92694940526373,0.158862798559963,-12.1296453463673,7.35673497368501e-34,7.00810255324532e-33,NA,"acetate--CoA ligase"
"SAOUHSC_00661",825.102795641172,1.1493530240985,0.0956894729519227,12.0112797013311,3.10010285122857e-33,2.90649959016371e-32,NA,"hypothetical protein"
"SAOUHSC_00220",1065.78633943614,-1.03835802088828,0.086982434338363,-11.9375599083494,7.54028871976013e-33,7.01394699736118e-32,NA,"2-C-methyl-D-erythritol 4-phosphate cytidylyltransferase"
"SAOUHSC_01320",822.420750272304,-1.15206071968768,0.0965231871127685,-11.9355851598821,7.72139767367091e-33,7.1543575320107e-32,NA,"homoserine dehydrogenase"
"SAOUHSC_00135",2097.48286109084,1.092535829546,0.0923708688105245,11.8277097922188,2.80696075050306e-32,2.57069918926381e-31,NA,"hypothetical protein"
"SAOUHSC_01285",1111.19582049948,1.05230179484535,0.0892941316894047,11.7846691035152,4.68255509081805e-32,4.25556347717257e-31,NA,"glutamine synthetase repressor"
"SAOUHSC_01460",847.81127740171,1.11178902320886,0.0948920251392244,11.7163588992611,1.05092520536898e-31,9.44240373914852e-31,NA,"hypothetical protein"
"SAOUHSC_02631",567.012126963727,1.296888866852,0.111519767524608,11.6292285721079,2.92731007215346e-31,2.62021867590491e-30,NA,"hypothetical protein"
"SAOUHSC_02532",535.556121744366,-1.33158308804204,0.114941129590501,-11.5849138840557,4.91460264341463e-31,4.34979010081324e-30,NA,"hypothetical protein"
"SAOUHSC_03054",201.200223857596,1.89718641545101,0.165670341062809,11.4515754798365,2.30910105620646e-30,1.99897361508092e-29,"rnpA","ribonuclease P"
"SAOUHSC_00143",913.758955422395,-1.06707901294165,0.0933132241235864,-11.4354532593192,2.78080727349985e-30,2.39857267372423e-29,NA,"hypothetical protein"
"SAOUHSC_01191",37376.3572018182,-1.01085357782019,0.0890620900523892,-11.3499871519473,7.41735993793884e-30,6.28356349028247e-29,"rpmB","50S ribosomal protein L28"
"SAOUHSC_A02450",605.967082740625,1.09635501165739,0.09673038110925,11.334133072619,8.89080851498362e-30,7.50498142261251e-29,NA,"hypothetical protein"
"SAOUHSC_00565",974.959807028493,1.00009147897586,0.0888346951452432,11.2578928462661,2.11761603522479e-29,1.76245095984323e-28,NA,"hypothetical protein"
"SAOUHSC_01171",361.670951347601,-1.32246664172064,0.117679815517473,-11.2378374822001,2.65814066206098e-29,2.18927418416967e-28,NA,"orotidine 5'-phosphate decarboxylase"
"SAOUHSC_00489",1022.98786003936,-1.07533180752779,0.0958237892154152,-11.2219712488139,3.18099630703109e-29,2.59289458428788e-28,NA,"dihydropteroate synthase"
"SAOUHSC_00329",583.09219760034,1.24256449439668,0.111163517701587,11.177808332157,5.23672818059154e-29,4.25394494669971e-28,NA,"mttA/Hcf106 family protein-like protein"
"SAOUHSC_02378",270.124783683757,-1.6640850584758,0.149167470507884,-11.1558173696312,6.70735576232539e-29,5.41151288035232e-28,NA,"hypothetical protein"
"SAOUHSC_02670",597.631271934313,-1.09266240879199,0.0982294560395496,-11.1235718169106,9.63363081110769e-29,7.66811150468035e-28,NA,"hypothetical protein"
"SAOUHSC_02974",341.011222305582,-1.46891121616285,0.132485563488977,-11.0873304040034,1.4453692560865e-28,1.14280529181239e-27,NA,"hypothetical protein"
"SAOUHSC_00008",205.935817025029,-1.7123570339557,0.156209846600706,-10.9619020261426,5.82618168247494e-28,4.54595491803636e-27,NA,"histidine ammonia-lyase"
"SAOUHSC_02866",424.568592224417,1.2776155595157,0.116606481590097,10.9566427362662,6.17477256129141e-28,4.80215098865024e-27,NA,"hypothetical protein"
"SAOUHSC_02014",298.133873227423,1.59013071522223,0.145311705099934,10.9428948901856,7.18677982982041e-28,5.57092867854053e-27,NA,"hypothetical protein"
"SAOUHSC_00302",663.817115692717,1.20486384977497,0.111281917661747,10.8271305445803,2.56053800948455e-27,1.94044605702791e-26,NA,"hypothetical protein"
"SAOUHSC_00145",736.731085049826,-1.00404793079919,0.0931283187968492,-10.7813385205571,4.2170415210453e-27,3.16545015440489e-26,NA,"hypothetical protein"
"SAOUHSC_00330",209.755293155626,1.78187296590415,0.165395268100107,10.7734216726542,4.59596683387998e-27,3.42818658174947e-26,NA,"hypothetical protein"
"SAOUHSC_01708",168.440839753843,-2.1773263481558,0.202965017851673,-10.7275941992476,7.55371745076407e-27,5.59919306037887e-26,NA,"LamB/YcsF family protein"
"SAOUHSC_00423",230.432677319041,-1.53551384664887,0.146578847771856,-10.4756850663667,1.117257113307e-25,7.91084738138567e-25,NA,"hypothetical protein"
"SAOUHSC_02924",381.615243414029,-1.27500202496596,0.121735848838575,-10.47351324306,1.14319774838151e-25,8.07043172369328e-25,NA,"4-aminobutyrate aminotransferase"
"SAOUHSC_00755",789.540256749451,1.0136598143339,0.0978889215125214,10.3552046408463,3.96338099605669e-25,2.7569324699843e-24,NA,"hypothetical protein"
"SAOUHSC_02661",3979.92856388907,-1.06049098134562,0.105282724000687,-10.072792012284,7.28792818757865e-24,4.92506144186226e-23,NA,"PTS system sucrose-specific transporter subunit IIBC"
"SAOUHSC_02137",882.891626635842,-1.17936029937209,0.117280130906349,-10.0559258440276,8.65044482076629e-24,5.81270683140443e-23,NA,"sodium-dependent transporter"
"SAOUHSC_02587",614.913737305399,1.00989592784816,0.100635010330461,10.0352345027034,1.06705550490015e-23,7.14987473904848e-23,NA,"hypothetical protein"
"SAOUHSC_00749",405.389180372729,1.37354825394229,0.138718248924476,9.90171274934499,4.09206079716491e-23,2.70372373561983e-22,NA,"hypothetical protein"
"SAOUHSC_00294",314.820343448137,-1.73183435695959,0.175866534333017,-9.84743551993941,7.0315175204735e-23,4.60739214324949e-22,NA,"hypothetical protein"
"SAOUHSC_02651",309.267529143802,1.21444165645155,0.124117778647532,9.78459064998503,1.31124798165048e-22,8.49803336741786e-22,NA,"hypothetical protein"
"SAOUHSC_00962",1489.88275068397,-1.14378148140085,0.119824935715798,-9.5454378887687,1.35533806890522e-21,8.46016289327154e-21,NA,"hypothetical protein"
"SAOUHSC_03022",259.106595911559,1.34337422630452,0.142700683655673,9.41392985576711,4.77925877294585e-21,2.95989603379309e-20,NA,"hypothetical protein"
"SAOUHSC_01761",113.936877637742,-2.12306181183287,0.225823740391515,-9.40141106578111,5.38361626609066e-21,3.31686695666676e-20,NA,"hypothetical protein"
"SAOUHSC_02400",540.998642336404,-1.33829366967167,0.142655009794276,-9.38132962593908,6.51459402329822e-21,4.00326865887652e-20,NA,"PTS system mannitol-specific protein"
"SAOUHSC_02338",402.267971122046,1.10783915765015,0.118739353143424,9.33000836135598,1.05862556096656e-20,6.42214790438028e-20,NA,"hypothetical protein"
"SAOUHSC_00301",337.848051251177,1.13608761000268,0.12200426257281,9.31186817611958,1.25603348523025e-20,7.60028425246469e-20,NA,"hypothetical protein"
"SAOUHSC_01456",335.001711322445,1.09256383965905,0.11777230299245,9.27691665950604,1.74453827997149e-20,1.0476062785044e-19,NA,"hypothetical protein"
"SAOUHSC_00686",332.752841200619,1.27992454062209,0.137992205791129,9.2753393808302,1.77054473570839e-20,1.06053841239906e-19,NA,"hypothetical protein"
"SAOUHSC_01172",328.320324182086,-1.29031239318235,0.141638197196175,-9.10991821927253,8.24440934847995e-20,4.78135427251698e-19,"pyrE","orotate phosphoribosyltransferase"
"SAOUHSC_00079",158.36541866988,1.69486253413125,0.186665145065557,9.07969473109726,1.08879793489911e-19,6.28376813036664e-19,NA,"hypothetical protein"
"SAOUHSC_01922",108.419503669234,-1.93678760630973,0.213852027443721,-9.05667170641829,1.34491641260717e-19,7.72431411792786e-19,NA,"hypothetical protein"
"SAOUHSC_00077",102.367495264703,1.96318781701769,0.217879170981713,9.01044284394888,2.05226087159962e-19,1.17018336236401e-18,NA,"hypothetical protein"
"SAOUHSC_00198",219.726087827951,-1.46024732585022,0.163404085451171,-8.93641870592388,4.01986615550834e-19,2.25416608058293e-18,NA,"hypothetical protein"
"SAOUHSC_00435",379.409085342428,-1.14061132581924,0.128103643491669,-8.90381643121192,5.39586583223106e-19,3.01863060237077e-18,NA,"glutamate synthase large subunit"
"SAOUHSC_00424",125.83779470081,-1.71491577108305,0.193059037992375,-8.8828567101364,6.51648795560853e-19,3.61993195098441e-18,NA,"ABC transporter permease"
"SAOUHSC_02572",515.322277156067,1.15872498681486,0.130551788606449,8.87559641413921,6.95596469903342e-19,3.85503464161385e-18,NA,"hypothetical protein"
"SAOUHSC_00650",217.166108262935,-1.64849783706894,0.185779044109881,-8.87343265742028,7.09251354446774e-19,3.91242840173895e-18,NA,"hypothetical protein"
"SAOUHSC_01712",126.890535571695,-1.6905300780171,0.193735529440163,-8.72596824600127,2.63912736705127e-18,1.41950342735728e-17,NA,"hypothetical protein"
"SAOUHSC_00080",308.940804261225,1.26645014452279,0.145469717707332,8.70593663397864,3.14962783659106e-18,1.69025276660497e-17,NA,"hypothetical protein"
"SAOUHSC_01710",77.8634533622753,-2.31397197666868,0.268673058357114,-8.61259402345063,7.14256743883183e-18,3.77331179619357e-17,NA,"acetyl-CoA carboxylase biotin carboxyl carrier protein subunit"
"SAOUHSC_00078",95.3333172187416,1.93337104980453,0.229401019645318,8.42790957421964,3.51894813453658e-17,1.78353525109418e-16,NA,"hypothetical protein"
"SAOUHSC_00156",100.794222281207,-1.86343399666992,0.221589268473977,-8.40940542609695,4.12094351162433e-17,2.08419573764881e-16,NA,"hypothetical protein"
"SAOUHSC_02781",5278.46226921419,-1.01285277490191,0.12254740051446,-8.26498783858254,1.3970898553336e-16,6.81871838858293e-16,NA,"hypothetical protein"
"SAOUHSC_01318",296.801287987238,-1.39243305819868,0.169715448323326,-8.20451568761109,2.31522287795698e-16,1.11168191629837e-15,NA,"hypothetical protein"
"SAOUHSC_02663",115.358954772044,-1.62934405825213,0.19863768514693,-8.2025928617066,2.35256884428746e-16,1.12733197952522e-15,NA,"hypothetical protein"
"SAOUHSC_02264",230.390403333986,-1.19927013807443,0.146825686929251,-8.16798588282656,3.13580601196993e-16,1.4966060081273e-15,NA,"accessory gene regulator protein C"
"SAOUHSC_02676",423.262668358331,-1.22091519504136,0.150287622465977,-8.12385727452544,4.51596782286456e-16,2.14666847211117e-15,NA,"hypothetical protein"
"SAOUHSC_00150",130.109340679786,-1.77102410129879,0.219198327758091,-8.07955115083407,6.50055909874959e-16,3.07770981681318e-15,NA,"ornithine aminotransferase"
"SAOUHSC_02864",287.207096297606,-1.05342966246803,0.130620087599591,-8.06483659463821,7.33338877563861e-16,3.46509923821012e-15,NA,"ferrous iron transport protein B"
"SAOUHSC_01292",237.095569673947,-1.53923807780178,0.193903901189296,-7.93814909530428,2.05220565520329e-15,9.45210060998484e-15,NA,"hypothetical protein"
"SAOUHSC_01330",359.765030304323,1.054060800261,0.133447055253351,7.89871907071949,2.81784175732331e-15,1.28290223577176e-14,NA,"guanosine 5'-monophosphate oxidoreductase"
"SAOUHSC_02118",203.942163648772,1.3789671497157,0.174644225598037,7.89586454973634,2.88309664539888e-15,1.31009678982493e-14,"gatC","aspartyl/glutamyl-tRNA amidotransferase subunit C"
"SAOUHSC_00296",105.361930773514,-1.92921961319875,0.246267370073128,-7.83384178190508,4.73184168823848e-15,2.13382670808017e-14,NA,"ROK family protein"
"SAOUHSC_02402",153.474149683911,1.36363056944464,0.174661652311293,7.80726937710572,5.84402777158112e-15,2.62538520344516e-14,NA,"PTS system mannitol-specific transporter subunit IIA"
"SAOUHSC_00685",130.536835333416,1.41768329555877,0.181892633367966,7.79406658372371,6.48863272598131e-15,2.90945875728311e-14,NA,"hypothetical protein"
"SAOUHSC_00490",350.410187580107,-1.17240418335475,0.15434514032379,-7.59599026503356,3.05447491729131e-14,1.31253885938677e-13,NA,"dihydroneopterin aldolase"
"SAOUHSC_01316",125.099157764084,1.42764202990436,0.188108575582539,7.58945744755763,3.21247747500012e-14,1.37545064453074e-13,NA,"thermonuclease"
"SAOUHSC_00907",237.096166139982,1.11021418145787,0.147159184331915,7.54430779497799,4.5469609057487e-14,1.93633595483589e-13,NA,"hypothetical protein"
"SAOUHSC_02332",31.5777415716232,3.99215350290201,0.53702451026587,7.43383854291041,1.05490722065258e-13,4.38220652782471e-13,NA,"hypothetical protein"
"SAOUHSC_00863",214.238624785146,1.16231571303525,0.156545876014809,7.42476098779689,1.12983751816197e-13,4.6852702676227e-13,NA,"hypothetical protein"
"SAOUHSC_00774",262.273741707814,1.04078502669117,0.141089039674602,7.37679573899976,1.62144476723784e-13,6.66562736202454e-13,NA,"hypothetical protein"
"SAOUHSC_00998",407.928609440051,-1.05957624412477,0.14507096997356,-7.30384751903076,2.79653286975765e-13,1.13975532080157e-12,NA,"methicillin resistance protein FmtA"
"SAOUHSC_00304",234.820615550268,1.11708913061095,0.154727726045783,7.21970883408713,5.2099003433829e-13,2.09455654483123e-12,NA,"hypothetical protein"
"SAOUHSC_01334",100.521529811363,1.49661467589918,0.208697825051448,7.17120399089085,7.43410331347285e-13,2.96364589236262e-12,NA,"hypothetical protein"
"SAOUHSC_03021",163.722499327813,-1.22047325972523,0.172103800826441,-7.09149509693872,1.32670780441061e-12,5.26245971916715e-12,NA,"hypothetical protein"
"SAOUHSC_00076",52.8768679609988,2.19515235330439,0.309568363145961,7.09100998240374,1.33136740015643e-12,5.27212599861613e-12,NA,"2,3-diaminopropionate biosynthesis protein SbnB"
"SAOUHSC_00149",96.0735391259708,-1.53010913446649,0.216017601373827,-7.08326138580981,1.40800735558042e-12,5.5478296469049e-12,"argC","N-acetyl-gamma-glutamyl-phosphate reductase"
"SAOUHSC_00748",106.685415587046,1.43955926300179,0.20974335833481,6.86343193143614,6.72255649969155e-12,2.54320638233945e-11,NA,"hypothetical protein"
"SAOUHSC_00197",80.8966949212699,-1.78349072881653,0.261214241776896,-6.82769330142347,8.62908156795873e-12,3.22333566601545e-11,NA,"hypothetical protein"
"SAOUHSC_00081",130.201106384942,1.23283749421036,0.181019484232226,6.81052373692979,9.72440655245124e-12,3.62108200037902e-11,NA,"hypothetical protein"
"SAOUHSC_00083",162.857248517809,1.09814137244519,0.162262312748835,6.76769210201628,1.30852850415699e-11,4.84216788121746e-11,NA,"hypothetical protein"
"SAOUHSC_02330",56.0312163180638,1.9096722354319,0.293714785934343,6.50179128489223,7.9369171127979e-11,2.80571794210978e-10,NA,"phosphomethylpyrimidine kinase"
"SAOUHSC_00560",235.535559288568,-3.59703072170897,0.553410971359195,-6.49974595349013,8.04557620354912e-11,2.83567708095372e-10,NA,"hypothetical protein"
"SAOUHSC_02925",107.173780629051,1.40154639117012,0.219216068307601,6.39344735078221,1.62186858456094e-10,5.58355919097031e-10,NA,"hypothetical protein"
"SAOUHSC_01964",258.72885575918,-1.01957845322423,0.159656052260507,-6.38609334747049,1.70177144097615e-10,5.84168141533347e-10,NA,"hypothetical protein"
"SAOUHSC_02935",142.725742507022,1.23623989828264,0.194320873085799,6.36184820833321,1.99340391487414e-10,6.79361219264578e-10,NA,"hypothetical protein"
"SAOUHSC_02682",3436.29391441424,-1.45859018657437,0.229329462948439,-6.36023896721162,2.0144011084067e-10,6.84550061481476e-10,NA,"uroporphyrin-III C-methyltransferase"
"SAOUHSC_01704",123.051023168356,1.08980054681769,0.184963356969255,5.89198079378952,3.81593537612766e-09,1.20846444755338e-08,NA,"hypothetical protein"
"SAOUHSC_02391",3324.44749307898,-1.30282518221122,0.221252652823031,-5.88840479690557,3.89941068116971e-09,1.23325361809794e-08,NA,"hypothetical protein"
"SAOUHSC_00818",147.340630060162,1.08301140440192,0.184355756791178,5.87457328836579,4.23933900242299e-09,1.33541993542461e-08,NA,"thermonuclease"
"SAOUHSC_01173",73.5990135364048,-1.37062987413274,0.235671910460283,-5.81583894090651,6.03305341166243e-09,1.87800560268547e-08,NA,"hypothetical protein"
"SAOUHSC_02701",25.8114324354895,-2.91540670221421,0.513259032279743,-5.68018586884842,1.34548448106508e-08,4.09690524914811e-08,NA,"hypothetical protein"
"SAOUHSC_00075",22.6923301934429,2.97923715807344,0.535211701713633,5.56646491198634,2.59959097268749e-08,7.69667697553903e-08,NA,"2,3-diaminopropionate biosynthesis protein SbnA"
"SAOUHSC_01079",61.0808893970609,-1.46557369910605,0.267012571248822,-5.48878164144684,4.04715560960427e-08,1.17934313341294e-07,NA,"neurofilament protein"
"SAOUHSC_01902",68.2393756831771,1.43632761790121,0.264720718546068,5.42582245088327,5.76882821638174e-08,1.65062250051357e-07,NA,"hypothetical protein"
"SAOUHSC_02329",67.0846490787288,1.51008996008574,0.279246883634714,5.40772359007274,6.38308324534457e-08,1.8241775250551e-07,NA,"hydroxyethylthiazole kinase"
"SAOUHSC_01072",92.7242021687978,1.16907908109625,0.218765183228163,5.34399059230987,9.09222889734067e-08,2.57053241293112e-07,NA,"hypothetical protein"
"SAOUHSC_00097",50.9457107701612,-1.69917832334814,0.322970864848204,-5.26108856334998,1.4320503163464e-07,3.97754490676072e-07,NA,"purine nucleoside phosphorylase"
"SAOUHSC_02722",68.1887136792605,1.31407504017623,0.251069865652398,5.23390187333571,1.65968585584165e-07,4.59903603978552e-07,NA,"hypothetical protein"
"SAOUHSC_00269",73.6027521084075,-1.19853019187135,0.232847147906897,-5.14728311102431,2.64286301435124e-07,7.26404527235357e-07,NA,"hypothetical protein"
"SAOUHSC_03020",50.7964655482103,-1.60735570292966,0.313514518520373,-5.12689399685713,2.94561252657184e-07,8.04953100579308e-07,NA,"hypothetical protein"
"SAOUHSC_02181",58.1690451320622,1.66137129631759,0.326504292321687,5.08835974101293,3.6117375566329e-07,9.80210696147969e-07,NA,"phi PVL orfs 18-19-like protein"
"SAOUHSC_T00041",97.0168227946044,1.11828922862067,0.221882132709347,5.04001478156679,4.65495891287153e-07,1.25187783915321e-06,NA,NA
"SAOUHSC_02689",81.8087338910316,1.2352818790215,0.245391262293557,5.0339277261786,4.80530902659335e-07,1.28647776648752e-06,NA,"hypothetical protein"
"SAOUHSC_02675",977.115766224264,-1.24370564057909,0.250560249409884,-4.96369892474265,6.91631320747896e-07,1.82892920046155e-06,NA,"hypothetical protein"
"SAOUHSC_02173",41.4891354548173,1.54946420075788,0.316639548756147,4.89346389876006,9.90764953907075e-07,2.57403556480568e-06,NA,"amidase"
"SAOUHSC_T00052",91.4466575345536,1.26407826463635,0.258534755340035,4.88939393457482,1.01146903437641e-06,2.62208147490803e-06,NA,NA
"SAOUHSC_02328",102.056698011617,1.03550849561629,0.21404004355377,4.83791947723163,1.31205271888331e-06,3.36816996665716e-06,"thiE","thiamine-phosphate pyrophosphorylase"
"SAOUHSC_00177",128.507127572254,-1.1154971032916,0.234720718646173,-4.7524441375503,2.00972305869955e-06,5.09846320346025e-06,NA,"maltose ABC transporter permease"
"SAOUHSC_00747",96.1132192258928,1.12809326612412,0.24027399986186,4.69502845406779,2.66569615649093e-06,6.68233223813708e-06,NA,"hypothetical protein"
"SAOUHSC_T00061",65.0382627480642,1.24596039097579,0.276810352579733,4.5011336438976,6.75919879573741e-06,1.63767308922259e-05,NA,NA
"SAOUHSC_00811",84.3969667630571,1.0053675436032,0.229253699243512,4.3853928940763,1.15776615161416e-05,2.75172476115108e-05,NA,"hypothetical protein"
"SAOUHSC_02428",65.2494571742307,1.1236656914276,0.256421041205719,4.38211188186432,1.17534421559633e-05,2.7879164793945e-05,NA,"hypothetical protein"
"SAOUHSC_01903",73.3557468823279,1.1085971804966,0.256357976450908,4.32441071600084,1.52940128496108e-05,3.58472316988902e-05,NA,"camphor resistance protein CrcB"
"SAOUHSC_01920",11.8623052047492,-3.23734510670467,0.750819084278857,-4.31175122541545,1.61966607691409e-05,3.77762825412018e-05,NA,"hypothetical protein"
"SAOUHSC_02842",46.6145440727211,1.29852270313202,0.307515201873538,4.22262930489538,2.41468784550967e-05,5.53395127492652e-05,NA,"hypothetical protein"
"SAOUHSC_02992",32.1713264816308,-1.55110877494104,0.368651559720277,-4.20751990339599,2.58188669215154e-05,5.89435537419004e-05,NA,"hypothetical protein"
"SAOUHSC_01921",11.3351722041503,-2.94111866060352,0.718756494826684,-4.09195420392372,4.2775313979131e-05,9.52704645619706e-05,NA,"hypothetical protein"
"SAOUHSC_02721",837.50338230132,-1.17742001762995,0.299497753510924,-3.93131502265843,8.44824850736044e-05,0.00018250678924826,NA,"hypothetical protein"
"SAOUHSC_02993",63.4259340363925,-1.00300903707245,0.255524182501676,-3.92529985715097,8.66217662565745e-05,0.000186788026873268,NA,"hypothetical protein"
"SAOUHSC_00555",26.1702477355831,1.70298437075722,0.437463406908323,3.89286130877253,9.90687948405831e-05,0.000211894663085539,NA,"haloacid dehalogenase-like hydrolase"
"SAOUHSC_02331",26.1400843899311,1.65890500183301,0.430932453248061,3.8495708302528,0.000118324964380018,0.000251127110601015,NA,"hypothetical protein"
"SAOUHSC_03032",50.6358364256637,1.12373411658791,0.293184123399475,3.83286142359346,0.000126661311324448,0.000268128277834885,NA,"hypothetical protein"
"SAOUHSC_00409",67.7129714127227,-1.01424147338587,0.287423889267513,-3.5287306005448,0.000417557971125207,0.000843652050689089,NA,"hypothetical protein"
"SAOUHSC_02463",29.5160743214823,1.25088606422891,0.373377366539019,3.35019252994327,0.000807554086115324,0.00159228453222406,NA,"hyaluronate lyase"
"SAOUHSC_02386",27.4109357666163,1.26526808133708,0.383400777337397,3.30011871682679,0.000966439369036542,0.00188519258499562,NA,"hypothetical protein"
"SAOUHSC_02321",20.1189526957829,1.53658144096854,0.46855400331476,3.27941161551939,0.00104023788935308,0.00202581631653983,NA,"hypothetical protein"
"SAOUHSC_02907",42.1723077987873,-1.00817047165763,0.315903312545414,-3.19138936383485,0.00141590326476914,0.00271421915192307,NA,"hypothetical protein"
"SAOUHSC_01311",8.50485570193399,-2.48233671706034,0.792000292819969,-3.13426237283552,0.0017228673218156,0.00326931302987729,NA,"ABC transporter ATP-binding protein"
"SAOUHSC_01139",39.9502893002055,1.04108492891353,0.33626689867024,3.0960077635666,0.00196145225838679,0.00370427130325913,NA,"hypothetical protein"
"SAOUHSC_02971",31.3797852301811,-1.20069249209514,0.389815712272973,-3.08015417104157,0.00206893469137408,0.0038948516570947,NA,"zinc metalloproteinase aureolysin"
"SAOUHSC_00916",27.0668862619925,1.18011835180463,0.384453539896828,3.06959939066065,0.00214346071962978,0.00402875501344044,NA,"hypothetical protein"
"SAOUHSC_T00029",568.535634297603,-3.65034386929894,1.22224095109353,-2.98659921845444,0.00282099281096387,0.00519518241273782,NA,NA
"SAOUHSC_R00010",26.7831505674629,1.7028487679948,0.574906962451041,2.96195537576188,0.00305692084614845,0.00559491994372231,NA,NA
"SAOUHSC_01763",25.687518015101,-1.26266839253198,0.435392038747054,-2.90007230303432,0.00373076591869365,0.00674495179812601,NA,"hypothetical protein"
"SAOUHSC_00971",5.45112831784919,2.94969333420348,1.0361710554614,2.84672431125766,0.00441715974858736,0.00793149350768298,NA,"hypothetical protein"
"SAOUHSC_T00028",674.438348660009,-4.20211905370948,1.50909886487701,-2.78452204259789,0.00536066773052689,0.00952472199011969,NA,NA
"SAOUHSC_00275",12.594993477835,-1.92527530331276,0.702398314384153,-2.74100216911937,0.00612521031323082,0.0108183163536735,NA,"hypothetical protein"
"SAOUHSC_00274",15.8330686724805,-1.26006600871131,0.499068276404281,-2.52483691768571,0.0115751990864652,0.0195697592538101,NA,"hypothetical protein"
"SAOUHSC_02754",13.7664477042702,1.32881102550738,0.532904138209967,2.49352731613397,0.0126480851845002,0.0212925891111671,NA,"ABC transporter ATP-binding protein"
"SAOUHSC_01325",12.5333487013254,-1.57501593205542,0.663889384780255,-2.37240716324565,0.0176726037071615,0.0287316079461186,NA,"hypothetical protein"
"SAOUHSC_00737",18.2769502459516,-1.09221833873874,0.463976773478099,-2.35403666987717,0.0185707789850655,0.0301092875957453,NA,"hypothetical protein"
"SAOUHSC_00839",20.1786326372141,-1.00917546176721,0.444728071895136,-2.26919667442349,0.023256368416831,0.037172578089436,NA,"hypothetical protein"
"SAOUHSC_02322",18.4819402615144,1.06997025778911,0.472302561432998,2.26543395094607,0.023486062885737,0.0374891932469504,NA,"hypothetical protein"
"SAOUHSC_02558",12.6858836144355,1.25219523544225,0.558814111210222,2.24080818705594,0.0250385024082728,0.0398065199144927,"ureA","urease subunit gamma"
"SAOUHSC_01705",15.931200660956,1.08257574095123,0.501614590442457,2.15818232080595,0.0309136593795371,0.0481465528878936,NA,"enterotoxin family protein"
